Model,Test_R2,Test_RMSE,Test_MAE
Linear Regression,0.37430740477954383,3.689782303234651,2.8874192490642203
Random Forest,0.7278383373311332,2.433513224236559,1.7857145065595388
