predictor,%IncMSE,IncNodePurity
no_hs_diploma,146.60396921895003,29327.845450680954
median_income,109.34026425821855,41534.3400588867
poverty_pct,107.32019488932583,31153.66902405574
